1681819141.092194557189941,nan,nan,nan
1681819142.086909770965576,nan,nan,nan
1681819143.083742141723633,nan,nan,nan
1681819144.082911252975464,nan,nan,nan
1681819145.085755586624146,nan,nan,nan
1681819146.084236860275269,nan,nan,nan
1681819147.087320327758789,nan,nan,nan
1681819148.086546897888184,nan,nan,nan
1681819149.086386442184448,nan,nan,nan
1681819150.080880880355835,nan,nan,nan
1681819151.084120035171509,nan,nan,nan
1681819152.084385871887207,nan,nan,nan
1681819153.082496166229248,nan,nan,nan
1681819154.080834865570068,nan,nan,nan
1681819155.081565380096436,nan,nan,nan
1681819156.082945108413696,nan,nan,nan
1681819157.079040288925171,nan,nan,nan
1681819158.084384441375732,nan,nan,nan
1681819159.071119785308838,nan,nan,nan
1681819160.070214509963989,nan,nan,nan
1681819161.069462537765503,nan,nan,nan
1681819162.069154024124146,nan,nan,nan
1681819163.067453384399414,nan,nan,nan
1681819164.072240114212036,nan,nan,nan
1681819165.070174694061279,nan,nan,nan
1681819166.072348594665527,nan,nan,nan
1681819167.071059465408325,nan,nan,nan
1681819168.069958448410034,nan,nan,nan
1681819169.071826457977295,nan,nan,nan
1681819170.080018997192383,nan,nan,nan
1681819171.076945781707764,nan,nan,nan
1681819172.080139636993408,nan,nan,nan
1681819173.079190731048584,nan,nan,nan
1681819174.085073947906494,nan,nan,nan
1681819175.085109233856201,nan,nan,nan
1681819176.079307317733765,nan,nan,nan
1681819177.086891412734985,nan,nan,nan
1681819178.066277742385864,nan,nan,nan
1681819179.066296815872192,nan,nan,nan
1681819180.069713354110718,nan,nan,nan
1681819181.067881107330322,nan,nan,nan
1681819182.069408416748047,nan,nan,nan
1681819183.069267272949219,nan,nan,nan
1681819184.067507266998291,nan,nan,nan
1681819185.068748474121094,nan,nan,nan
1681819186.067898273468018,nan,nan,nan
1681819187.066108226776123,nan,nan,nan
1681819188.069834709167480,nan,nan,nan
1681819189.066766262054443,nan,nan,nan
1681819190.066921234130859,nan,nan,nan
1681819191.067410230636597,nan,nan,nan
1681819192.067233085632324,nan,nan,nan
1681819193.066342115402222,nan,nan,nan
1681819194.064934730529785,nan,nan,nan
1681819195.064170122146606,nan,nan,nan
1681819196.066043376922607,nan,nan,nan
1681819197.067382812500000,nan,nan,nan
1681819198.065231323242188,nan,nan,nan
1681819199.066711902618408,nan,nan,nan
1681819200.063915252685547,nan,nan,nan
1681819201.064371347427368,nan,nan,nan
1681819202.064617633819580,nan,nan,nan
1681819203.065200090408325,nan,nan,nan
1681819204.064740180969238,nan,nan,nan
1681819205.066313028335571,nan,nan,nan
1681819206.065050125122070,nan,nan,nan
1681819207.064980745315552,nan,nan,nan
1681819208.064886093139648,nan,nan,nan
1681819209.065838098526001,nan,nan,nan
1681819210.065562725067139,nan,nan,nan
1681819211.064438581466675,nan,nan,nan
1681819212.064989328384399,nan,nan,nan
1681819213.065189361572266,nan,nan,nan
1681819214.063944816589355,nan,nan,nan
1681819215.064723253250122,nan,nan,nan
1681819216.065827369689941,nan,nan,nan
1681819217.066623210906982,nan,nan,nan
1681819218.067053556442261,nan,nan,nan
1681819219.066819429397583,nan,nan,nan
1681819220.066096544265747,nan,nan,nan
1681819221.066124439239502,nan,nan,nan
1681819222.064545392990112,nan,nan,nan
1681819223.064018487930298,nan,nan,nan
1681819224.065476894378662,nan,nan,nan
1681819225.066911458969116,nan,nan,nan
1681819226.066400527954102,nan,nan,nan
1681819227.065817832946777,nan,nan,nan
1681819228.064844131469727,nan,nan,nan
1681819229.066016674041748,nan,nan,nan
1681819230.066515684127808,nan,nan,nan
1681819231.065608024597168,nan,nan,nan
1681819232.065623998641968,nan,nan,nan
1681819233.064275026321411,nan,nan,nan
1681819234.064080953598022,nan,nan,nan
1681819235.065067052841187,nan,nan,nan
1681819236.064125776290894,nan,nan,nan
1681819237.064566612243652,nan,nan,nan
1681819238.066276788711548,nan,nan,nan
1681819239.063861131668091,nan,nan,nan
1681819240.064282894134521,nan,nan,nan
1681819241.064438581466675,nan,nan,nan
1681819242.064727306365967,nan,nan,nan
1681819243.064413785934448,nan,nan,nan
1681819244.065599918365479,nan,nan,nan
1681819245.064494132995605,nan,nan,nan
1681819246.066250562667847,nan,nan,nan
1681819247.065763473510742,nan,nan,nan
1681819248.065528869628906,nan,nan,nan
1681819249.065011978149414,nan,nan,nan
1681819250.064557552337646,nan,nan,nan
1681819251.064492702484131,nan,nan,nan
1681819252.065507173538208,nan,nan,nan
1681819253.064076662063599,nan,nan,nan
1681819254.064910650253296,nan,nan,nan
1681819255.063938379287720,nan,nan,nan
1681819256.062591552734375,nan,nan,nan
1681819257.064354658126831,nan,nan,nan
1681819258.063107728958130,nan,nan,nan
1681819259.065379142761230,nan,nan,nan
1681819260.067159652709961,nan,nan,nan
1681819261.066915512084961,nan,nan,nan
1681819262.066040754318237,nan,nan,nan
1681819263.065465688705444,nan,nan,nan
1681819264.064174413681030,nan,nan,nan
1681819265.064190626144409,nan,nan,nan
1681819266.063795089721680,nan,nan,nan
1681819267.063292980194092,nan,nan,nan
1681819268.064474582672119,nan,nan,nan
1681819269.066423177719116,nan,nan,nan
1681819270.055240869522095,nan,nan,nan
1681819271.055200576782227,nan,nan,nan
1681819272.055180311203003,nan,nan,nan
1681819273.054983854293823,nan,nan,nan
1681819274.055368900299072,nan,nan,nan
1681819275.055558204650879,nan,nan,nan
1681819276.055515289306641,nan,nan,nan
1681819277.055145502090454,nan,nan,nan
1681819278.055022001266479,nan,nan,nan
1681819279.055156469345093,nan,nan,nan
1681819280.055468320846558,nan,nan,nan
1681819281.055381536483765,nan,nan,nan
1681819282.055485963821411,nan,nan,nan
1681819283.054497718811035,nan,nan,nan
1681819284.054821014404297,nan,nan,nan
1681819285.054671525955200,nan,nan,nan
1681819286.055023193359375,nan,nan,nan
1681819287.054969549179077,nan,nan,nan
1681819288.055299520492554,nan,nan,nan
1681819289.055577993392944,nan,nan,nan
1681819290.054129123687744,nan,nan,nan
1681819291.053898811340332,nan,nan,nan
1681819292.055297136306763,nan,nan,nan
1681819293.054556608200073,nan,nan,nan
1681819294.056180715560913,nan,nan,nan
1681819295.055178403854370,nan,nan,nan
1681819296.055143117904663,nan,nan,nan
1681819297.054974794387817,nan,nan,nan
1681819298.055180311203003,nan,nan,nan
1681819299.055809020996094,nan,nan,nan
1681819300.054975748062134,nan,nan,nan
1681819301.055175542831421,nan,nan,nan
1681819302.055849790573120,nan,nan,nan
1681819303.055012464523315,nan,nan,nan
1681819304.054629802703857,nan,nan,nan
1681819305.056526899337769,nan,nan,nan
1681819306.056853294372559,nan,nan,nan
1681819307.056587696075439,nan,nan,nan
1681819308.055941581726074,nan,nan,nan
1681819309.055759191513062,nan,nan,nan
1681819310.055582761764526,nan,nan,nan
1681819311.055859088897705,nan,nan,nan
1681819312.056578636169434,nan,nan,nan
1681819313.055325269699097,nan,nan,nan
1681819314.055409669876099,nan,nan,nan
1681819315.055526494979858,nan,nan,nan
1681819316.055973052978516,nan,nan,nan
1681819317.055509805679321,nan,nan,nan
1681819318.055717229843140,nan,nan,nan
1681819319.054919004440308,nan,nan,nan
1681819320.054787635803223,nan,nan,nan
1681819321.054850816726685,nan,nan,nan
1681819322.054163932800293,nan,nan,nan
1681819323.054487705230713,nan,nan,nan
1681819324.055525064468384,nan,nan,nan
1681819325.053936958312988,nan,nan,nan
1681819326.054623842239380,nan,nan,nan
1681819327.054721117019653,nan,nan,nan
1681819328.054525613784790,nan,nan,nan
1681819329.054539203643799,nan,nan,nan
1681819330.054827213287354,nan,nan,nan
1681819331.054930210113525,nan,nan,nan
1681819332.054464817047119,nan,nan,nan
1681819333.054470300674438,nan,nan,nan
1681819334.054430961608887,nan,nan,nan
1681819335.054847240447998,nan,nan,nan
1681819336.054446697235107,nan,nan,nan
1681819337.054347276687622,nan,nan,nan
1681819338.054480314254761,nan,nan,nan
1681819339.054409742355347,nan,nan,nan
1681819340.054283618927002,nan,nan,nan
1681819341.054152965545654,nan,nan,nan
1681819342.054187297821045,nan,nan,nan
1681819343.054181337356567,nan,nan,nan
1681819344.054709672927856,nan,nan,nan
1681819345.054764032363892,nan,nan,nan
1681819346.054034948348999,nan,nan,nan
1681819347.053504943847656,nan,nan,nan
1681819348.053992033004761,nan,nan,nan
1681819349.054146766662598,nan,nan,nan
1681819350.054315567016602,nan,nan,nan
1681819351.054051399230957,nan,nan,nan
1681819352.053347587585449,nan,nan,nan
1681819353.054267644882202,nan,nan,nan
1681819354.052944183349609,nan,nan,nan
1681819355.052993774414062,nan,nan,nan
1681819356.053245544433594,nan,nan,nan
1681819357.052534103393555,nan,nan,nan
1681819358.054447650909424,nan,nan,nan
1681819359.054726123809814,nan,nan,nan
1681819360.054727315902710,nan,nan,nan
1681819361.054920196533203,nan,nan,nan
1681819362.054285287857056,nan,nan,nan
1681819363.054333448410034,nan,nan,nan
1681819364.053517103195190,nan,nan,nan
1681819365.053960800170898,nan,nan,nan
1681819366.054157972335815,nan,nan,nan
1681819367.054275751113892,nan,nan,nan
1681819368.055877208709717,nan,nan,nan
1681819369.055783271789551,nan,nan,nan
1681819370.055358648300171,nan,nan,nan
1681819371.054697513580322,nan,nan,nan
1681819372.055120229721069,nan,nan,nan
1681819373.054987192153931,nan,nan,nan
1681819374.055429220199585,nan,nan,nan
1681819375.054573535919189,nan,nan,nan
1681819376.055327177047729,nan,nan,nan
1681819377.054761409759521,nan,nan,nan
1681819378.054932832717896,nan,nan,nan
1681819379.054368019104004,nan,nan,nan
1681819380.055058479309082,nan,nan,nan
1681819381.054637193679810,nan,nan,nan
1681819382.054978847503662,nan,nan,nan
1681819383.054329395294189,nan,nan,nan
1681819384.054231643676758,nan,nan,nan
1681819385.054168462753296,nan,nan,nan
1681819386.054033994674683,nan,nan,nan
1681819387.053919076919556,nan,nan,nan
1681819388.054101705551147,nan,nan,nan
1681819389.053297996520996,nan,nan,nan
1681819390.054124593734741,nan,nan,nan
1681819391.053992509841919,nan,nan,nan
1681819392.054060459136963,nan,nan,nan
1681819393.054680585861206,nan,nan,nan
1681819394.054513931274414,nan,nan,nan
1681819395.054442167282104,nan,nan,nan
1681819396.054090976715088,nan,nan,nan
1681819397.053876399993896,nan,nan,nan
1681819398.053903818130493,nan,nan,nan
1681819399.053812265396118,nan,nan,nan
1681819400.054110050201416,nan,nan,nan
1681819401.054677963256836,nan,nan,nan
1681819402.054383516311646,nan,nan,nan
1681819403.054763793945312,nan,nan,nan
1681819404.055295705795288,nan,nan,nan
1681819405.054293155670166,nan,nan,nan
1681819406.054570436477661,nan,nan,nan
1681819407.054969310760498,nan,nan,nan
1681819408.054733514785767,nan,nan,nan
1681819409.053673505783081,nan,nan,nan
1681819410.053720235824585,nan,nan,nan
1681819411.054263830184937,nan,nan,nan
1681819412.055380582809448,nan,nan,nan
1681819413.056032657623291,nan,nan,nan
1681819414.055632829666138,nan,nan,nan
1681819415.054802894592285,nan,nan,nan
1681819416.054535865783691,nan,nan,nan
1681819417.054438591003418,nan,nan,nan
1681819418.054276943206787,nan,nan,nan
1681819419.054135560989380,nan,nan,nan
1681819420.054946422576904,nan,nan,nan
1681819421.054951190948486,nan,nan,nan
1681819422.055545806884766,nan,nan,nan
1681819423.055718421936035,nan,nan,nan
1681819424.054418325424194,nan,nan,nan
1681819425.054462909698486,nan,nan,nan
1681819426.055165529251099,nan,nan,nan
1681819427.054789543151855,nan,nan,nan
1681819428.054258108139038,nan,nan,nan
1681819429.054502248764038,nan,nan,nan
1681819430.054471731185913,nan,nan,nan
1681819431.054486036300659,nan,nan,nan
1681819432.054711341857910,nan,nan,nan
1681819433.054592847824097,nan,nan,nan
1681819434.054444789886475,nan,nan,nan
1681819435.054326534271240,nan,nan,nan
1681819436.054214477539062,nan,nan,nan
1681819437.054224491119385,nan,nan,nan
1681819438.053796529769897,nan,nan,nan
1681819439.053870439529419,nan,nan,nan
1681819440.055002212524414,nan,nan,nan
1681819441.053889989852905,nan,nan,nan
1681819442.053961515426636,nan,nan,nan
1681819443.053148269653320,nan,nan,nan
1681819444.053756713867188,nan,nan,nan
1681819445.054368495941162,nan,nan,nan
1681819446.053774595260620,nan,nan,nan
1681819447.053729772567749,nan,nan,nan
1681819448.053549289703369,nan,nan,nan
1681819449.053891420364380,nan,nan,nan
1681819450.053297519683838,nan,nan,nan
1681819451.053231954574585,nan,nan,nan
1681819452.054295539855957,nan,nan,nan
1681819453.053374290466309,nan,nan,nan
1681819454.053614377975464,nan,nan,nan
1681819455.053717851638794,nan,nan,nan
1681819456.053839683532715,nan,nan,nan
1681819457.053423643112183,nan,nan,nan
1681819458.053524494171143,nan,nan,nan
1681819459.054059267044067,nan,nan,nan
1681819460.052882671356201,nan,nan,nan
1681819461.053546905517578,nan,nan,nan
1681819462.053372859954834,nan,nan,nan
1681819463.054451942443848,nan,nan,nan
1681819464.054447174072266,nan,nan,nan
1681819465.055184125900269,nan,nan,nan
1681819466.054997920989990,nan,nan,nan
1681819467.055016517639160,nan,nan,nan
1681819468.054354667663574,nan,nan,nan
1681819469.054385423660278,nan,nan,nan
1681819470.057095527648926,nan,nan,nan
1681819471.054313898086548,nan,nan,nan
1681819472.054724693298340,nan,nan,nan
1681819473.054382801055908,nan,nan,nan
1681819474.054945945739746,nan,nan,nan
1681819475.054300308227539,nan,nan,nan
1681819476.054826259613037,nan,nan,nan
1681819477.053747892379761,nan,nan,nan
1681819478.053948879241943,nan,nan,nan
1681819479.054096937179565,nan,nan,nan
1681819480.053771018981934,nan,nan,nan
1681819481.053880691528320,nan,nan,nan
1681819482.053400993347168,nan,nan,nan
1681819483.053318262100220,nan,nan,nan
1681819484.053247213363647,nan,nan,nan
1681819485.053077697753906,nan,nan,nan
1681819486.054215669631958,nan,nan,nan
1681819487.053626060485840,nan,nan,nan
1681819488.053287744522095,nan,nan,nan
1681819489.053468227386475,nan,nan,nan
1681819490.053348302841187,nan,nan,nan
1681819491.053141355514526,nan,nan,nan
1681819492.052473783493042,nan,nan,nan
1681819493.053086042404175,nan,nan,nan
1681819494.053472995758057,nan,nan,nan
1681819495.053947687149048,nan,nan,nan
1681819496.053980827331543,nan,nan,nan
1681819497.053531408309937,nan,nan,nan
1681819498.053564071655273,nan,nan,nan
1681819499.054369688034058,nan,nan,nan
1681819500.053703069686890,nan,nan,nan
1681819501.055046081542969,nan,nan,nan
1681819502.054564714431763,nan,nan,nan
1681819503.054610013961792,nan,nan,nan
1681819504.054965972900391,nan,nan,nan
1681819505.054105520248413,nan,nan,nan
1681819506.053765296936035,nan,nan,nan
1681819507.054970026016235,nan,nan,nan
1681819508.054332256317139,nan,nan,nan
1681819509.054108381271362,nan,nan,nan
1681819510.054083108901978,nan,nan,nan
1681819511.054008722305298,nan,nan,nan
1681819512.054098367691040,nan,nan,nan
1681819513.053801059722900,nan,nan,nan
1681819514.052880287170410,nan,nan,nan
1681819515.052937030792236,nan,nan,nan
1681819516.054162740707397,nan,nan,nan
1681819517.053480625152588,nan,nan,nan
1681819518.054476737976074,nan,nan,nan
1681819519.055328607559204,nan,nan,nan
1681819520.055456399917603,nan,nan,nan
1681819521.054507017135620,nan,nan,nan
1681819522.054430246353149,nan,nan,nan
1681819523.054537057876587,nan,nan,nan
1681819524.053895950317383,nan,nan,nan
1681819525.054827690124512,nan,nan,nan
1681819526.054614067077637,nan,nan,nan
1681819527.054459571838379,nan,nan,nan
1681819528.055450916290283,nan,nan,nan
1681819529.055420160293579,nan,nan,nan
1681819530.054416656494141,nan,nan,nan
1681819531.054142236709595,nan,nan,nan
1681819532.054028034210205,nan,nan,nan
1681819533.054121017456055,nan,nan,nan
1681819534.053935766220093,nan,nan,nan
1681819535.053889274597168,nan,nan,nan
1681819536.054790258407593,nan,nan,nan
1681819537.053791046142578,nan,nan,nan
1681819538.053862571716309,nan,nan,nan
1681819539.053760766983032,nan,nan,nan
1681819540.054077148437500,nan,nan,nan
1681819541.054730176925659,nan,nan,nan
1681819542.053826093673706,nan,nan,nan
1681819543.053740739822388,nan,nan,nan
1681819544.053341865539551,nan,nan,nan
1681819545.053702592849731,nan,nan,nan
1681819546.053046941757202,nan,nan,nan
1681819547.053181648254395,nan,nan,nan
1681819548.054140090942383,nan,nan,nan
1681819549.053572893142700,nan,nan,nan
1681819550.054501295089722,nan,nan,nan
1681819551.053711414337158,nan,nan,nan
1681819552.053459405899048,nan,nan,nan
1681819553.053508520126343,nan,nan,nan
1681819554.053306579589844,nan,nan,nan
1681819555.053602218627930,nan,nan,nan
1681819556.053209781646729,nan,nan,nan
1681819557.053267478942871,nan,nan,nan
1681819558.054382085800171,nan,nan,nan
1681819559.053392648696899,nan,nan,nan
1681819560.053176403045654,nan,nan,nan
1681819561.053308010101318,nan,nan,nan
1681819562.053009986877441,nan,nan,nan
1681819563.053431510925293,nan,nan,nan
1681819564.053505182266235,nan,nan,nan
1681819565.053552150726318,nan,nan,nan
1681819566.054445266723633,nan,nan,nan
1681819567.053434848785400,nan,nan,nan
1681819568.054579973220825,nan,nan,nan
1681819569.054550886154175,nan,nan,nan
1681819570.053983449935913,nan,nan,nan
1681819571.053406238555908,nan,nan,nan
1681819572.054805755615234,nan,nan,nan
1681819573.055064916610718,nan,nan,nan
1681819574.054316043853760,nan,nan,nan
1681819575.053951501846313,nan,nan,nan
1681819576.053917407989502,nan,nan,nan
1681819577.054389238357544,nan,nan,nan
1681819578.054052114486694,nan,nan,nan
1681819579.053908824920654,nan,nan,nan
1681819580.054204940795898,nan,nan,nan
1681819581.054286241531372,nan,nan,nan
1681819582.054904222488403,nan,nan,nan
1681819583.053996562957764,nan,nan,nan
1681819584.054030656814575,nan,nan,nan
1681819585.053739547729492,nan,nan,nan
1681819586.054922342300415,nan,nan,nan
1681819587.054823398590088,nan,nan,nan
1681819588.054604291915894,nan,nan,nan
1681819589.055291414260864,nan,nan,nan
1681819590.055310964584351,nan,nan,nan
1681819591.054719209671021,nan,nan,nan
1681819592.054400682449341,nan,nan,nan
1681819593.054476261138916,nan,nan,nan
1681819594.054591417312622,nan,nan,nan
1681819595.054450750350952,nan,nan,nan
1681819596.054324388504028,nan,nan,nan
1681819597.054623126983643,nan,nan,nan
1681819598.054407596588135,nan,nan,nan
1681819599.054782390594482,nan,nan,nan
1681819600.055908918380737,nan,nan,nan
1681819601.055210828781128,nan,nan,nan
1681819602.054492235183716,nan,nan,nan
1681819603.053739786148071,nan,nan,nan
1681819604.053982019424438,nan,nan,nan
1681819605.054170131683350,nan,nan,nan
1681819606.054579734802246,nan,nan,nan
1681819607.054241895675659,nan,nan,nan
1681819608.053620576858521,nan,nan,nan
1681819609.055213451385498,nan,nan,nan
1681819610.053399085998535,nan,nan,nan
1681819611.053356170654297,nan,nan,nan
1681819612.053860187530518,nan,nan,nan
1681819613.053404092788696,nan,nan,nan
1681819614.053495883941650,nan,nan,nan
1681819615.053485393524170,nan,nan,nan
1681819616.053478956222534,nan,nan,nan
1681819617.053322553634644,nan,nan,nan
1681819618.053393125534058,nan,nan,nan
1681819619.053414344787598,nan,nan,nan
1681819620.053601264953613,nan,nan,nan
1681819621.054393291473389,nan,nan,nan
1681819622.054394006729126,nan,nan,nan
1681819623.054756641387939,nan,nan,nan
1681819624.054515600204468,nan,nan,nan
1681819625.055094242095947,nan,nan,nan
1681819626.055426836013794,nan,nan,nan
1681819627.055502891540527,nan,nan,nan
1681819628.054744005203247,nan,nan,nan
1681819629.055166244506836,nan,nan,nan
1681819630.054373979568481,nan,nan,nan
1681819631.054354190826416,nan,nan,nan
1681819632.055595159530640,nan,nan,nan
1681819633.054971456527710,nan,nan,nan
1681819634.055635213851929,nan,nan,nan
1681819635.054275035858154,nan,nan,nan
1681819636.055186986923218,nan,nan,nan
1681819637.054566144943237,nan,nan,nan
1681819638.054213523864746,nan,nan,nan
1681819639.053797721862793,nan,nan,nan
1681819640.054034948348999,nan,nan,nan
1681819641.053073644638062,nan,nan,nan
1681819642.052767515182495,nan,nan,nan
1681819643.052571058273315,nan,nan,nan
1681819644.054297685623169,nan,nan,nan
1681819645.053755998611450,nan,nan,nan
1681819646.054019689559937,nan,nan,nan
1681819647.053888082504272,nan,nan,nan
1681819648.054073810577393,nan,nan,nan
1681819649.054150581359863,nan,nan,nan
1681819650.053964614868164,nan,nan,nan
1681819651.053925514221191,nan,nan,nan
1681819652.054081678390503,nan,nan,nan
1681819653.054387807846069,nan,nan,nan
1681819654.053802251815796,nan,nan,nan
1681819655.053660154342651,nan,nan,nan
1681819656.053444862365723,nan,nan,nan
1681819657.053601264953613,nan,nan,nan
1681819658.053546667098999,nan,nan,nan
1681819659.053810119628906,nan,nan,nan
1681819660.054482698440552,nan,nan,nan
1681819661.053597688674927,nan,nan,nan
1681819662.054570436477661,nan,nan,nan
1681819663.055090904235840,nan,nan,nan
1681819664.055558919906616,nan,nan,nan
1681819665.055538415908813,nan,nan,nan
1681819666.055433750152588,nan,nan,nan
1681819667.053505182266235,nan,nan,nan
1681819668.053905725479126,nan,nan,nan
1681819669.054438114166260,nan,nan,nan
1681819670.053528070449829,nan,nan,nan
1681819671.053664207458496,nan,nan,nan
1681819672.053716182708740,nan,nan,nan
1681819673.054521560668945,nan,nan,nan
1681819674.053812980651855,nan,nan,nan
1681819675.054073810577393,nan,nan,nan
1681819676.055309295654297,nan,nan,nan
1681819677.054542541503906,nan,nan,nan
1681819678.055340766906738,nan,nan,nan
1681819679.054547309875488,nan,nan,nan
1681819680.055357933044434,nan,nan,nan
1681819681.055676698684692,nan,nan,nan
1681819682.054913520812988,nan,nan,nan
1681819683.054163217544556,nan,nan,nan
1681819684.054101705551147,nan,nan,nan
1681819685.054268360137939,nan,nan,nan
1681819686.053990125656128,nan,nan,nan
1681819687.054294347763062,nan,nan,nan
1681819688.054028272628784,nan,nan,nan
1681819689.054942369461060,nan,nan,nan
1681819690.054466485977173,nan,nan,nan
1681819691.054909229278564,nan,nan,nan
1681819692.054253578186035,nan,nan,nan
1681819693.054502964019775,nan,nan,nan
1681819694.054008245468140,nan,nan,nan
1681819695.054089784622192,nan,nan,nan
1681819696.054865360260010,nan,nan,nan
1681819697.054029941558838,nan,nan,nan
1681819698.054210186004639,nan,nan,nan
1681819699.053420543670654,nan,nan,nan
1681819700.054833412170410,nan,nan,nan
1681819701.054382562637329,nan,nan,nan
1681819702.054060697555542,nan,nan,nan
1681819703.053946256637573,nan,nan,nan
1681819704.054541110992432,nan,nan,nan
1681819705.053949594497681,nan,nan,nan
1681819706.053178787231445,nan,nan,nan
1681819707.053249359130859,nan,nan,nan
1681819708.053888082504272,nan,nan,nan
1681819709.053532838821411,nan,nan,nan
1681819710.054286956787109,nan,nan,nan
1681819711.053727388381958,nan,nan,nan
1681819712.054609298706055,nan,nan,nan
1681819713.053516864776611,nan,nan,nan
1681819714.053542852401733,nan,nan,nan
1681819715.053864955902100,nan,nan,nan
1681819716.053394794464111,nan,nan,nan
1681819717.054425954818726,nan,nan,nan
1681819718.053925514221191,nan,nan,nan
1681819719.053899765014648,nan,nan,nan
1681819720.053780078887939,nan,nan,nan
1681819721.053934812545776,nan,nan,nan
1681819722.054021358489990,nan,nan,nan
1681819723.053538799285889,nan,nan,nan
1681819724.054439067840576,nan,nan,nan
1681819725.054681777954102,nan,nan,nan
1681819726.055242538452148,nan,nan,nan
1681819727.054536819458008,nan,nan,nan
1681819728.055204153060913,nan,nan,nan
1681819729.054345369338989,nan,nan,nan
1681819730.054506063461304,nan,nan,nan
1681819731.053782463073730,nan,nan,nan
1681819732.054440498352051,nan,nan,nan
1681819733.055101156234741,nan,nan,nan
1681819734.055237531661987,nan,nan,nan
1681819735.054977178573608,nan,nan,nan
1681819736.054309129714966,nan,nan,nan
1681819737.054928779602051,nan,nan,nan
1681819738.053724050521851,nan,nan,nan
1681819739.053761720657349,nan,nan,nan
1681819740.054325819015503,nan,nan,nan
1681819741.053825616836548,nan,nan,nan
1681819742.055125951766968,nan,nan,nan
1681819743.055189132690430,nan,nan,nan
1681819744.055027484893799,nan,nan,nan
1681819745.054530620574951,nan,nan,nan
1681819746.054752349853516,nan,nan,nan
1681819747.054180860519409,nan,nan,nan
1681819748.053542375564575,nan,nan,nan
1681819749.054132223129272,nan,nan,nan
1681819750.054087877273560,nan,nan,nan
1681819751.053578853607178,nan,nan,nan
1681819752.054436445236206,nan,nan,nan
1681819753.054240942001343,nan,nan,nan
1681819754.054195165634155,nan,nan,nan
1681819755.055934190750122,nan,nan,nan
1681819756.055013656616211,nan,nan,nan
1681819757.054853439331055,nan,nan,nan
1681819758.054417133331299,nan,nan,nan
1681819759.054481983184814,nan,nan,nan
1681819760.055016756057739,nan,nan,nan
1681819761.054183244705200,nan,nan,nan
1681819762.054254055023193,nan,nan,nan
1681819763.054738521575928,nan,nan,nan
1681819764.054834842681885,nan,nan,nan
1681819765.054916143417358,nan,nan,nan
1681819766.054329156875610,nan,nan,nan
1681819767.054285287857056,nan,nan,nan
1681819768.054609298706055,nan,nan,nan
1681819769.054745912551880,nan,nan,nan
1681819770.054229736328125,nan,nan,nan
1681819771.053859233856201,nan,nan,nan
1681819772.054275751113892,nan,nan,nan
1681819773.053620338439941,nan,nan,nan
1681819774.054054260253906,nan,nan,nan
1681819775.053979873657227,nan,nan,nan
1681819776.053761959075928,nan,nan,nan
1681819777.054798603057861,nan,nan,nan
1681819778.054634094238281,nan,nan,nan
1681819779.054893493652344,nan,nan,nan
1681819780.054023981094360,nan,nan,nan
1681819781.054549694061279,nan,nan,nan
1681819782.054591178894043,nan,nan,nan
1681819783.054552078247070,nan,nan,nan
1681819784.054581165313721,nan,nan,nan
1681819785.054497480392456,nan,nan,nan
1681819786.055370807647705,nan,nan,nan
1681819787.054813623428345,nan,nan,nan
1681819788.055322647094727,nan,nan,nan
1681819789.054763793945312,nan,nan,nan
1681819790.054776668548584,nan,nan,nan
1681819791.054935693740845,nan,nan,nan
1681819792.055486202239990,nan,nan,nan
1681819793.055225610733032,nan,nan,nan
1681819794.054926633834839,nan,nan,nan
1681819795.054846048355103,nan,nan,nan
1681819796.055493116378784,nan,nan,nan
1681819797.055480241775513,nan,nan,nan
1681819798.055496454238892,nan,nan,nan
1681819799.054688453674316,nan,nan,nan
1681819800.054504394531250,nan,nan,nan
1681819801.054477930068970,nan,nan,nan
1681819802.054394483566284,nan,nan,nan
1681819803.054590702056885,nan,nan,nan
1681819804.055272340774536,nan,nan,nan
1681819805.053924798965454,nan,nan,nan
1681819806.055877685546875,nan,nan,nan
1681819807.054547548294067,nan,nan,nan
1681819808.054583072662354,nan,nan,nan
1681819809.054404258728027,nan,nan,nan
1681819810.054367065429688,nan,nan,nan
1681819811.055383205413818,nan,nan,nan
1681819812.054217815399170,nan,nan,nan
1681819813.054524660110474,nan,nan,nan
1681819814.055804252624512,nan,nan,nan
1681819815.054617166519165,nan,nan,nan
1681819816.054301738739014,nan,nan,nan
1681819817.054039239883423,nan,nan,nan
1681819818.054259300231934,nan,nan,nan
1681819819.054279088973999,nan,nan,nan
1681819820.054341793060303,nan,nan,nan
1681819821.054249048233032,nan,nan,nan
1681819822.054264783859253,nan,nan,nan
1681819823.054316043853760,nan,nan,nan
1681819824.054614782333374,nan,nan,nan
1681819825.054808139801025,nan,nan,nan
1681819826.054282188415527,nan,nan,nan
1681819827.054059267044067,nan,nan,nan
1681819828.054583787918091,nan,nan,nan
1681819829.054694890975952,nan,nan,nan
1681819830.055094003677368,nan,nan,nan
1681819831.055098772048950,nan,nan,nan
1681819832.055089235305786,nan,nan,nan
1681819833.055554151535034,nan,nan,nan
1681819834.054743289947510,nan,nan,nan
1681819835.054856538772583,nan,nan,nan
1681819836.055780649185181,nan,nan,nan
1681819837.054899215698242,nan,nan,nan
1681819838.055506706237793,nan,nan,nan
1681819839.055491924285889,nan,nan,nan
1681819840.056550979614258,nan,nan,nan
1681819841.055884122848511,nan,nan,nan
1681819842.055928468704224,nan,nan,nan
1681819843.055104494094849,nan,nan,nan
1681819844.054721593856812,nan,nan,nan
1681819845.055065870285034,nan,nan,nan
1681819846.055226087570190,nan,nan,nan
1681819847.055719852447510,nan,nan,nan
1681819848.055479526519775,nan,nan,nan
1681819849.055402278900146,nan,nan,nan
1681819850.055895090103149,nan,nan,nan
1681819851.055530309677124,nan,nan,nan
1681819852.055105209350586,nan,nan,nan
1681819853.054780483245850,nan,nan,nan
1681819854.054730415344238,nan,nan,nan
1681819855.054998636245728,nan,nan,nan
1681819856.056189775466919,nan,nan,nan
1681819857.057113409042358,nan,nan,nan
1681819858.055460214614868,nan,nan,nan
1681819859.054982662200928,nan,nan,nan
1681819860.054986715316772,nan,nan,nan
1681819861.055041313171387,nan,nan,nan
1681819862.055268049240112,nan,nan,nan
1681819863.054733276367188,nan,nan,nan
1681819864.054626226425171,nan,nan,nan
1681819865.055531740188599,nan,nan,nan
1681819866.053935289382935,nan,nan,nan
1681819867.053949356079102,nan,nan,nan
1681819868.054814100265503,nan,nan,nan
1681819869.054759263992310,nan,nan,nan
1681819870.054765224456787,nan,nan,nan
1681819871.054340124130249,nan,nan,nan
1681819872.054611444473267,nan,nan,nan
1681819873.054484128952026,nan,nan,nan
1681819874.054882049560547,nan,nan,nan
1681819875.055010318756104,nan,nan,nan
1681819876.053909540176392,nan,nan,nan
1681819877.054486274719238,nan,nan,nan
1681819878.054527997970581,nan,nan,nan
1681819879.054950952529907,nan,nan,nan
1681819880.055015325546265,nan,nan,nan
1681819881.054561853408813,nan,nan,nan
1681819882.055239439010620,nan,nan,nan
1681819883.055482149124146,nan,nan,nan
1681819884.055454492568970,nan,nan,nan
1681819885.055474519729614,nan,nan,nan
1681819886.055455923080444,nan,nan,nan
1681819887.055383920669556,nan,nan,nan
1681819888.056048154830933,nan,nan,nan
1681819889.055545091629028,nan,nan,nan
1681819890.055456399917603,nan,nan,nan
1681819891.054985523223877,nan,nan,nan
1681819892.055235147476196,nan,nan,nan
1681819893.055229425430298,nan,nan,nan
1681819894.056081295013428,nan,nan,nan
1681819895.056445598602295,nan,nan,nan
1681819896.055793523788452,nan,nan,nan
1681819897.055082082748413,nan,nan,nan
1681819898.054540634155273,nan,nan,nan
1681819899.054688453674316,nan,nan,nan
1681819900.055221557617188,nan,nan,nan
1681819901.054407358169556,nan,nan,nan
1681819902.055729866027832,nan,nan,nan
1681819903.056170940399170,nan,nan,nan
1681819904.056000947952271,nan,nan,nan
1681819905.056152343750000,nan,nan,nan
1681819906.055195808410645,nan,nan,nan
1681819907.055006742477417,nan,nan,nan
1681819908.054816961288452,nan,nan,nan
1681819909.054989099502563,nan,nan,nan
1681819910.055182218551636,nan,nan,nan
1681819911.054962158203125,nan,nan,nan
1681819912.054837226867676,nan,nan,nan
1681819913.055125713348389,nan,nan,nan
1681819914.055113315582275,nan,nan,nan
1681819915.055008649826050,nan,nan,nan
1681819916.055360317230225,nan,nan,nan
1681819917.055535554885864,nan,nan,nan
1681819918.055058240890503,nan,nan,nan
1681819919.055103063583374,nan,nan,nan
1681819920.055490255355835,nan,nan,nan
1681819921.054714441299438,nan,nan,nan
1681819922.055872678756714,nan,nan,nan
1681819923.054909944534302,nan,nan,nan
1681819924.054972887039185,nan,nan,nan
1681819925.055253505706787,nan,nan,nan
1681819926.055093526840210,nan,nan,nan
1681819927.055153608322144,nan,nan,nan
1681819928.055106163024902,nan,nan,nan
1681819929.055373668670654,nan,nan,nan
1681819930.054523229598999,nan,nan,nan
1681819931.054858922958374,nan,nan,nan
1681819932.055121421813965,nan,nan,nan
1681819933.054335117340088,nan,nan,nan
1681819934.055170536041260,nan,nan,nan
1681819935.056756734848022,nan,nan,nan
1681819936.056434154510498,nan,nan,nan
1681819937.056611537933350,nan,nan,nan
1681819938.055955886840820,nan,nan,nan
1681819939.056045055389404,nan,nan,nan
1681819940.054997682571411,nan,nan,nan
1681819941.056223630905151,nan,nan,nan
1681819942.056895971298218,nan,nan,nan
1681819943.057124376296997,nan,nan,nan
1681819944.056484460830688,nan,nan,nan
1681819945.056241750717163,nan,nan,nan
1681819946.056217193603516,nan,nan,nan
1681819947.056598901748657,nan,nan,nan
1681819948.056328535079956,nan,nan,nan
1681819949.056435346603394,nan,nan,nan
1681819950.055494308471680,nan,nan,nan
1681819951.055509567260742,nan,nan,nan
1681819952.057185888290405,nan,nan,nan
1681819953.055581808090210,nan,nan,nan
1681819954.055694580078125,nan,nan,nan
1681819955.054952621459961,nan,nan,nan
1681819956.056160449981689,nan,nan,nan
1681819957.056187152862549,nan,nan,nan
1681819958.056180238723755,nan,nan,nan
1681819959.055342674255371,nan,nan,nan
1681819960.056231498718262,nan,nan,nan
1681819961.055576324462891,nan,nan,nan
1681819962.054777383804321,nan,nan,nan
1681819963.054750919342041,nan,nan,nan
1681819964.055431127548218,nan,nan,nan
1681819965.054799318313599,nan,nan,nan
1681819966.055480480194092,nan,nan,nan
1681819967.056189537048340,nan,nan,nan
1681819968.056565761566162,nan,nan,nan
1681819969.055303573608398,nan,nan,nan
1681819970.055541992187500,nan,nan,nan
1681819971.055312871932983,nan,nan,nan
1681819972.054734230041504,nan,nan,nan
1681819973.055176258087158,nan,nan,nan
1681819974.055425167083740,nan,nan,nan
1681819975.055561542510986,nan,nan,nan
1681819976.055594205856323,nan,nan,nan
1681819977.055303573608398,nan,nan,nan
1681819978.055152893066406,nan,nan,nan
1681819979.055039644241333,nan,nan,nan
1681819980.055182933807373,nan,nan,nan
1681819981.055305004119873,nan,nan,nan
1681819982.055561304092407,nan,nan,nan
1681819983.056139707565308,nan,nan,nan
1681819984.056497812271118,nan,nan,nan
1681819985.055345296859741,nan,nan,nan
1681819986.056215047836304,nan,nan,nan
1681819987.056178092956543,nan,nan,nan
1681819988.056560039520264,nan,nan,nan
1681819989.056315898895264,nan,nan,nan
1681819990.056186914443970,nan,nan,nan
1681819991.056228160858154,nan,nan,nan
1681819992.056202173233032,nan,nan,nan
1681819993.056351661682129,nan,nan,nan
1681819994.055993080139160,nan,nan,nan
1681819995.055818080902100,nan,nan,nan
1681819996.056515693664551,nan,nan,nan
1681819997.056634902954102,nan,nan,nan
1681819998.056699752807617,nan,nan,nan
1681819999.056626796722412,nan,nan,nan
1681820000.056571483612061,nan,nan,nan
1681820001.056973457336426,nan,nan,nan
1681820002.058439254760742,nan,nan,nan
1681820003.056960582733154,nan,nan,nan
1681820004.055913448333740,nan,nan,nan
1681820005.057104110717773,nan,nan,nan
1681820006.056836128234863,nan,nan,nan
1681820007.056466341018677,nan,nan,nan
1681820008.057055473327637,nan,nan,nan
1681820009.056421995162964,nan,nan,nan
1681820010.056948661804199,nan,nan,nan
1681820011.057571411132812,nan,nan,nan
1681820012.056739330291748,nan,nan,nan
1681820013.056937932968140,nan,nan,nan
1681820014.056008338928223,nan,nan,nan
1681820015.056051492691040,nan,nan,nan
1681820016.056898832321167,nan,nan,nan
1681820017.056172370910645,nan,nan,nan
1681820018.056889772415161,nan,nan,nan
1681820019.056765079498291,nan,nan,nan
1681820020.056946754455566,nan,nan,nan
1681820021.056892395019531,nan,nan,nan
1681820022.056865453720093,nan,nan,nan
1681820023.056542873382568,nan,nan,nan
1681820024.056516647338867,nan,nan,nan
1681820025.055887937545776,nan,nan,nan
1681820026.055391550064087,nan,nan,nan
1681820027.055993080139160,nan,nan,nan
1681820028.055875301361084,nan,nan,nan
1681820029.055445909500122,nan,nan,nan
1681820030.056602954864502,nan,nan,nan
1681820031.056786060333252,nan,nan,nan
1681820032.056988954544067,nan,nan,nan
1681820033.056123971939087,nan,nan,nan
1681820034.055963039398193,nan,nan,nan
1681820035.055981636047363,nan,nan,nan
1681820036.056083679199219,nan,nan,nan
1681820037.056313753128052,nan,nan,nan
1681820038.057161331176758,nan,nan,nan
1681820039.057070732116699,nan,nan,nan
1681820040.057012557983398,nan,nan,nan
1681820041.057134151458740,nan,nan,nan
1681820042.056977033615112,nan,nan,nan
1681820043.057541847229004,nan,nan,nan
1681820044.057173013687134,nan,nan,nan
1681820045.057843685150146,nan,nan,nan
1681820046.057496309280396,nan,nan,nan
1681820047.056602954864502,nan,nan,nan
1681820048.057200908660889,nan,nan,nan
1681820049.056423425674438,nan,nan,nan
1681820050.056432485580444,nan,nan,nan
1681820051.055832386016846,nan,nan,nan
1681820052.056614398956299,nan,nan,nan
1681820053.056592941284180,nan,nan,nan
1681820054.057436227798462,nan,nan,nan
1681820055.057031869888306,nan,nan,nan
1681820056.057132720947266,nan,nan,nan
1681820057.056462287902832,nan,nan,nan
1681820058.055908918380737,nan,nan,nan
1681820059.055697917938232,nan,nan,nan
1681820060.056824684143066,nan,nan,nan
1681820061.056054592132568,nan,nan,nan
1681820062.057472944259644,nan,nan,nan
1681820063.057198524475098,nan,nan,nan
1681820064.057083606719971,nan,nan,nan
1681820065.056930541992188,nan,nan,nan
1681820066.056742668151855,nan,nan,nan
1681820067.057005882263184,nan,nan,nan
1681820068.056257486343384,nan,nan,nan
1681820069.056437015533447,nan,nan,nan
1681820070.057126045227051,nan,nan,nan
1681820071.056235551834106,nan,nan,nan
1681820072.056130886077881,nan,nan,nan
1681820073.056246995925903,nan,nan,nan
1681820074.056280374526978,nan,nan,nan
1681820075.056154012680054,nan,nan,nan
1681820076.057093143463135,nan,nan,nan
1681820077.056313276290894,nan,nan,nan
1681820078.056269645690918,nan,nan,nan
1681820079.056805610656738,nan,nan,nan
1681820080.057072162628174,nan,nan,nan
1681820081.056117773056030,nan,nan,nan
1681820082.057154893875122,nan,nan,nan
1681820083.055809497833252,nan,nan,nan
1681820084.056440114974976,nan,nan,nan
1681820085.056382894515991,nan,nan,nan
1681820086.056453466415405,nan,nan,nan
1681820087.056140661239624,nan,nan,nan
1681820088.056193590164185,nan,nan,nan
1681820089.056272745132446,nan,nan,nan
1681820090.055535078048706,nan,nan,nan
1681820091.055635929107666,nan,nan,nan
1681820092.057118415832520,nan,nan,nan
1681820093.056409120559692,nan,nan,nan
1681820094.056918382644653,nan,nan,nan
1681820095.057432413101196,nan,nan,nan
1681820096.057020425796509,nan,nan,nan
1681820097.057012319564819,nan,nan,nan
1681820098.056814432144165,nan,nan,nan
1681820099.057038784027100,nan,nan,nan
1681820100.056150674819946,nan,nan,nan
1681820101.056812047958374,nan,nan,nan
1681820102.056898832321167,nan,nan,nan
1681820103.057045698165894,nan,nan,nan
1681820104.056734561920166,nan,nan,nan
1681820105.056929826736450,nan,nan,nan
1681820106.056828737258911,nan,nan,nan
1681820107.057920932769775,nan,nan,nan
1681820108.057713508605957,nan,nan,nan
1681820109.057581424713135,nan,nan,nan
1681820110.056868791580200,nan,nan,nan
1681820111.057118415832520,nan,nan,nan
1681820112.057269096374512,nan,nan,nan
1681820113.057564735412598,nan,nan,nan
1681820114.056948661804199,nan,nan,nan
1681820115.056361913681030,nan,nan,nan
1681820116.057573556900024,nan,nan,nan
1681820117.057558536529541,nan,nan,nan
1681820118.058933258056641,nan,nan,nan
1681820119.058452844619751,nan,nan,nan
1681820120.059024333953857,nan,nan,nan
1681820121.058298110961914,nan,nan,nan
1681820122.056877851486206,nan,nan,nan
1681820123.057263851165771,nan,nan,nan
1681820124.057511091232300,nan,nan,nan
1681820125.056939125061035,nan,nan,nan
1681820126.058065176010132,nan,nan,nan
1681820127.058557033538818,nan,nan,nan
1681820128.058374166488647,nan,nan,nan
1681820129.058375120162964,nan,nan,nan
1681820130.058388948440552,nan,nan,nan
1681820131.058202981948853,nan,nan,nan
1681820132.056460618972778,nan,nan,nan
1681820133.057113409042358,nan,nan,nan
1681820134.057389020919800,nan,nan,nan
1681820135.057610511779785,nan,nan,nan
1681820136.057420492172241,nan,nan,nan
1681820137.057629346847534,nan,nan,nan
1681820138.056948423385620,nan,nan,nan
1681820139.056868553161621,nan,nan,nan
1681820140.057828426361084,nan,nan,nan
1681820141.057546138763428,nan,nan,nan
1681820142.057121038436890,nan,nan,nan
1681820143.056681632995605,nan,nan,nan
1681820144.058211326599121,nan,nan,nan
1681820145.057342052459717,nan,nan,nan
1681820146.057347297668457,nan,nan,nan
1681820147.056495189666748,nan,nan,nan
1681820148.056873559951782,nan,nan,nan
1681820149.057094573974609,nan,nan,nan
1681820150.058748006820679,nan,nan,nan
1681820151.058111429214478,nan,nan,nan
1681820152.057432174682617,nan,nan,nan
1681820153.057263851165771,nan,nan,nan
1681820154.057271957397461,nan,nan,nan
1681820155.057366609573364,nan,nan,nan
1681820156.057841062545776,nan,nan,nan
1681820157.056999683380127,nan,nan,nan
1681820158.057468175888062,nan,nan,nan
1681820159.057043552398682,nan,nan,nan
1681820160.057504653930664,nan,nan,nan
1681820161.058323621749878,nan,nan,nan
1681820162.058323383331299,nan,nan,nan
1681820163.057818174362183,nan,nan,nan
1681820164.056549072265625,nan,nan,nan
1681820165.057330369949341,nan,nan,nan
1681820166.057496309280396,nan,nan,nan
1681820167.057462453842163,nan,nan,nan
1681820168.057616949081421,nan,nan,nan
1681820169.057143449783325,nan,nan,nan
1681820170.057459592819214,nan,nan,nan
1681820171.058135271072388,nan,nan,nan
1681820172.058383703231812,nan,nan,nan
1681820173.058126449584961,nan,nan,nan
1681820174.057228803634644,nan,nan,nan
1681820175.057052135467529,nan,nan,nan
1681820176.057871818542480,nan,nan,nan
1681820177.057493448257446,nan,nan,nan
1681820178.057392358779907,nan,nan,nan
1681820179.056951045989990,nan,nan,nan
1681820180.057020425796509,nan,nan,nan
1681820181.056780815124512,nan,nan,nan
1681820182.057314872741699,nan,nan,nan
1681820183.057278156280518,nan,nan,nan
1681820184.057416439056396,nan,nan,nan
1681820185.056942939758301,nan,nan,nan
1681820186.056529045104980,nan,nan,nan
1681820187.057034730911255,nan,nan,nan
1681820188.058122634887695,nan,nan,nan
1681820189.056976079940796,nan,nan,nan
1681820190.057854652404785,nan,nan,nan
1681820191.057215690612793,nan,nan,nan
1681820192.056604146957397,nan,nan,nan
1681820193.057352304458618,nan,nan,nan
1681820194.057701110839844,nan,nan,nan
1681820195.057591915130615,nan,nan,nan
1681820196.056893348693848,nan,nan,nan
1681820197.058079004287720,nan,nan,nan
1681820198.058573961257935,nan,nan,nan
1681820199.058800458908081,nan,nan,nan
1681820200.058541536331177,nan,nan,nan
1681820201.058512449264526,nan,nan,nan
1681820202.057883024215698,nan,nan,nan
1681820203.057546377182007,nan,nan,nan
1681820204.058006286621094,nan,nan,nan
1681820205.057953357696533,nan,nan,nan
1681820206.058087348937988,nan,nan,nan
1681820207.057903528213501,nan,nan,nan
1681820208.058316946029663,nan,nan,nan
1681820209.057935714721680,nan,nan,nan
1681820210.058462619781494,nan,nan,nan
1681820211.057990312576294,nan,nan,nan
1681820212.058843135833740,nan,nan,nan
1681820213.058176279067993,nan,nan,nan
1681820214.058602809906006,nan,nan,nan
1681820215.059376239776611,nan,nan,nan
1681820216.060158014297485,nan,nan,nan
1681820217.058484554290771,nan,nan,nan
1681820218.058113813400269,nan,nan,nan
1681820219.058313846588135,nan,nan,nan
1681820220.059412240982056,nan,nan,nan
1681820221.057972669601440,nan,nan,nan
1681820222.058286666870117,nan,nan,nan
1681820223.059281826019287,nan,nan,nan
1681820224.059412240982056,nan,nan,nan
1681820225.058462619781494,nan,nan,nan
1681820226.058464288711548,nan,nan,nan
1681820227.058378934860229,nan,nan,nan
1681820228.057548046112061,nan,nan,nan
1681820229.057823181152344,nan,nan,nan
1681820230.057769536972046,nan,nan,nan
1681820231.058225631713867,nan,nan,nan
1681820232.057927846908569,nan,nan,nan
1681820233.057987213134766,nan,nan,nan
1681820234.057929992675781,nan,nan,nan
1681820235.057602882385254,nan,nan,nan
1681820236.057317733764648,nan,nan,nan
1681820237.057999610900879,nan,nan,nan
1681820238.057797908782959,nan,nan,nan
1681820239.057922124862671,nan,nan,nan
1681820240.058416843414307,nan,nan,nan
1681820241.057708263397217,nan,nan,nan
1681820242.058115005493164,nan,nan,nan
1681820243.057439565658569,nan,nan,nan
1681820244.057959079742432,nan,nan,nan
1681820245.057815313339233,nan,nan,nan
1681820246.057631969451904,nan,nan,nan
1681820247.057401180267334,nan,nan,nan
1681820248.057765483856201,nan,nan,nan
1681820249.058601379394531,nan,nan,nan
1681820250.058242797851562,nan,nan,nan
1681820251.057615518569946,nan,nan,nan
1681820252.058427095413208,nan,nan,nan
1681820253.058428764343262,nan,nan,nan
1681820254.058873891830444,nan,nan,nan
1681820255.058481216430664,nan,nan,nan
1681820256.058584928512573,nan,nan,nan
1681820257.058281421661377,nan,nan,nan
1681820258.058093786239624,nan,nan,nan
1681820259.058696269989014,nan,nan,nan
1681820260.057916164398193,nan,nan,nan
1681820261.058600425720215,nan,nan,nan
1681820262.058288574218750,nan,nan,nan
1681820263.058387994766235,nan,nan,nan
1681820264.058980464935303,nan,nan,nan
1681820265.059006929397583,nan,nan,nan
1681820266.059211492538452,nan,nan,nan
1681820267.060031175613403,nan,nan,nan
1681820268.059153079986572,nan,nan,nan
1681820269.059001445770264,nan,nan,nan
1681820270.059049844741821,nan,nan,nan
1681820271.059189558029175,nan,nan,nan
1681820272.059911251068115,nan,nan,nan
1681820273.058554410934448,nan,nan,nan
1681820274.058457612991333,nan,nan,nan
1681820275.059013605117798,nan,nan,nan
1681820276.059054136276245,nan,nan,nan
1681820277.059823274612427,nan,nan,nan
1681820278.059591531753540,nan,nan,nan
1681820279.058382987976074,nan,nan,nan
1681820280.057960271835327,nan,nan,nan
1681820281.059172868728638,nan,nan,nan
1681820282.057881593704224,nan,nan,nan
1681820283.057972192764282,nan,nan,nan
1681820284.058486700057983,nan,nan,nan
1681820285.057625532150269,nan,nan,nan
1681820286.058558702468872,nan,nan,nan
1681820287.058632850646973,nan,nan,nan
1681820288.058577775955200,nan,nan,nan
1681820289.058606147766113,nan,nan,nan
1681820290.058234930038452,nan,nan,nan
1681820291.058097839355469,nan,nan,nan
1681820292.058068990707397,nan,nan,nan
1681820293.058858156204224,nan,nan,nan
1681820294.058741092681885,nan,nan,nan
1681820295.058288335800171,nan,nan,nan
1681820296.058604955673218,nan,nan,nan
1681820297.058528661727905,nan,nan,nan
1681820298.058783292770386,nan,nan,nan
1681820299.058776140213013,nan,nan,nan
1681820300.058887004852295,nan,nan,nan
1681820301.058848142623901,nan,nan,nan
1681820302.058887004852295,nan,nan,nan
1681820303.059450387954712,nan,nan,nan
1681820304.060581684112549,nan,nan,nan
1681820305.060121297836304,nan,nan,nan
1681820306.060899496078491,nan,nan,nan
1681820307.060510158538818,nan,nan,nan
1681820308.073118448257446,nan,nan,nan
1681820309.072041988372803,nan,nan,nan
1681820310.070984601974487,nan,nan,nan
1681820311.071861743927002,nan,nan,nan
1681820312.072014570236206,nan,nan,nan
1681820313.068410158157349,nan,nan,nan
1681820314.068407058715820,nan,nan,nan
1681820315.069234132766724,nan,nan,nan
1681820316.070863723754883,nan,nan,nan
1681820317.069456577301025,nan,nan,nan
1681820318.069462537765503,nan,nan,nan
1681820319.071900367736816,nan,nan,nan
1681820320.067883729934692,nan,nan,nan
1681820321.067510366439819,nan,nan,nan
1681820322.069370269775391,nan,nan,nan
1681820323.067535400390625,nan,nan,nan
1681820324.066949129104614,nan,nan,nan
1681820325.068208932876587,nan,nan,nan
1681820326.067414999008179,nan,nan,nan
1681820327.069759368896484,nan,nan,nan
1681820328.068758726119995,nan,nan,nan
1681820329.069582700729370,nan,nan,nan
1681820330.068272829055786,nan,nan,nan
1681820331.067749261856079,nan,nan,nan
1681820332.068425655364990,nan,nan,nan
1681820333.068202733993530,nan,nan,nan
1681820334.068536996841431,nan,nan,nan
1681820335.068321466445923,nan,nan,nan
1681820336.069173574447632,nan,nan,nan
1681820337.069178581237793,nan,nan,nan
1681820338.069388389587402,nan,nan,nan
1681820339.067171573638916,nan,nan,nan
1681820340.067347288131714,nan,nan,nan
1681820341.068179368972778,nan,nan,nan
1681820342.068184375762939,nan,nan,nan
1681820343.067629575729370,nan,nan,nan
1681820344.068204879760742,nan,nan,nan
1681820345.068539381027222,nan,nan,nan
1681820346.068847894668579,nan,nan,nan
1681820347.067540168762207,nan,nan,nan
1681820348.067868947982788,nan,nan,nan
1681820349.067042589187622,nan,nan,nan
1681820350.067974328994751,nan,nan,nan
1681820351.067583560943604,nan,nan,nan
1681820352.067447662353516,nan,nan,nan
1681820353.067128658294678,nan,nan,nan
1681820354.068366527557373,nan,nan,nan
1681820355.068515300750732,nan,nan,nan
1681820356.067355155944824,nan,nan,nan
1681820357.069366455078125,nan,nan,nan
1681820358.069265127182007,nan,nan,nan
1681820359.068560123443604,nan,nan,nan
1681820360.069175720214844,nan,nan,nan
1681820361.070833444595337,nan,nan,nan
1681820362.069289207458496,nan,nan,nan
1681820363.068595647811890,nan,nan,nan
1681820364.070082902908325,nan,nan,nan
1681820365.069009065628052,nan,nan,nan
1681820366.070152044296265,nan,nan,nan
1681820367.069608449935913,nan,nan,nan
1681820368.070441961288452,nan,nan,nan
1681820369.071578025817871,nan,nan,nan
1681820370.072442293167114,nan,nan,nan
1681820371.070034503936768,nan,nan,nan
1681820372.072086334228516,nan,nan,nan
1681820373.071329832077026,nan,nan,nan
1681820374.070681810379028,nan,nan,nan
1681820375.071524143218994,nan,nan,nan
1681820376.069084167480469,nan,nan,nan
1681820377.068058729171753,nan,nan,nan
1681820378.069696187973022,nan,nan,nan
1681820379.068017721176147,nan,nan,nan
1681820380.068854808807373,nan,nan,nan
1681820381.068353652954102,nan,nan,nan
1681820382.070309638977051,nan,nan,nan
1681820383.070441961288452,nan,nan,nan
1681820384.067298889160156,nan,nan,nan
1681820385.068124771118164,nan,nan,nan
1681820386.069280624389648,nan,nan,nan
1681820387.070581436157227,nan,nan,nan
1681820388.068452358245850,nan,nan,nan
1681820389.070164442062378,nan,nan,nan
1681820390.070463418960571,nan,nan,nan
1681820391.071495771408081,nan,nan,nan
1681820392.071444749832153,nan,nan,nan
1681820393.069633722305298,nan,nan,nan
1681820394.072135210037231,nan,nan,nan
1681820395.074322223663330,nan,nan,nan
1681820396.077055692672729,nan,nan,nan
1681820397.074445009231567,nan,nan,nan
1681820398.070526123046875,nan,nan,nan
1681820399.068750619888306,nan,nan,nan
1681820400.071109294891357,nan,nan,nan
1681820401.069377183914185,nan,nan,nan
1681820402.067930221557617,nan,nan,nan
1681820403.067100048065186,nan,nan,nan
1681820404.068794012069702,nan,nan,nan
1681820405.068243503570557,nan,nan,nan
1681820406.067479848861694,nan,nan,nan
1681820407.069505929946899,nan,nan,nan
1681820408.069339752197266,nan,nan,nan
1681820409.069592714309692,nan,nan,nan
1681820410.068202972412109,nan,nan,nan
1681820411.068217754364014,nan,nan,nan
1681820412.072828531265259,nan,nan,nan
1681820413.070211648941040,nan,nan,nan
1681820414.067931652069092,nan,nan,nan
1681820415.070290088653564,nan,nan,nan
1681820416.069396972656250,nan,nan,nan
1681820417.070351123809814,nan,nan,nan
1681820418.069959640502930,nan,nan,nan
1681820419.069504499435425,nan,nan,nan
1681820420.069047689437866,nan,nan,nan
1681820421.069871902465820,nan,nan,nan
1681820422.071476221084595,nan,nan,nan
1681820423.070209503173828,nan,nan,nan
1681820424.070136308670044,nan,nan,nan
1681820425.069472074508667,nan,nan,nan
1681820426.070636034011841,nan,nan,nan
1681820427.071387052536011,nan,nan,nan
1681820428.070379257202148,nan,nan,nan
1681820429.071063756942749,nan,nan,nan
1681820430.069824218750000,nan,nan,nan
1681820431.070744276046753,nan,nan,nan
1681820432.070357799530029,nan,nan,nan
1681820433.069031238555908,nan,nan,nan
1681820434.070145368576050,nan,nan,nan
1681820435.069635629653931,nan,nan,nan
1681820436.069535493850708,nan,nan,nan
1681820437.069597721099854,nan,nan,nan
1681820438.070508480072021,nan,nan,nan
1681820439.070131540298462,nan,nan,nan
1681820440.070044994354248,nan,nan,nan
1681820441.071037292480469,nan,nan,nan
1681820442.070495128631592,nan,nan,nan
1681820443.069498300552368,nan,nan,nan
1681820444.069910049438477,nan,nan,nan
1681820445.059858322143555,nan,nan,nan
1681820446.060685157775879,nan,nan,nan
1681820447.061537027359009,nan,nan,nan
1681820448.061081171035767,nan,nan,nan
1681820449.060148477554321,nan,nan,nan
1681820450.060041427612305,nan,nan,nan
1681820451.060446977615356,nan,nan,nan
1681820452.059786796569824,nan,nan,nan
1681820453.060426950454712,nan,nan,nan
1681820454.060700654983521,nan,nan,nan
1681820455.060002565383911,nan,nan,nan
1681820456.059883117675781,nan,nan,nan
1681820457.060675621032715,nan,nan,nan
1681820458.061180591583252,nan,nan,nan
1681820459.061463832855225,nan,nan,nan
1681820460.061119794845581,nan,nan,nan
1681820461.061333656311035,nan,nan,nan
1681820462.061414718627930,nan,nan,nan
1681820463.062359333038330,nan,nan,nan
1681820464.061814308166504,nan,nan,nan
1681820465.061149120330811,nan,nan,nan
1681820466.060590744018555,nan,nan,nan
1681820467.059857368469238,nan,nan,nan
1681820468.060805797576904,nan,nan,nan
1681820469.060946941375732,nan,nan,nan
1681820470.061422824859619,nan,nan,nan
1681820471.061348438262939,nan,nan,nan
1681820472.061307430267334,nan,nan,nan
1681820473.062004566192627,nan,nan,nan
1681820474.060670614242554,nan,nan,nan
1681820475.060492753982544,nan,nan,nan
1681820476.060787200927734,nan,nan,nan
1681820477.059980392456055,nan,nan,nan
1681820478.060456514358521,nan,nan,nan
1681820479.061591863632202,nan,nan,nan
1681820480.061574220657349,nan,nan,nan
1681820481.062191963195801,nan,nan,nan
1681820482.060815095901489,nan,nan,nan
1681820483.060756206512451,nan,nan,nan
1681820484.060614824295044,nan,nan,nan
1681820485.061368227005005,nan,nan,nan
1681820486.061182498931885,nan,nan,nan
1681820487.061123371124268,nan,nan,nan
1681820488.060674667358398,nan,nan,nan
1681820489.060461044311523,nan,nan,nan
1681820490.060794591903687,nan,nan,nan
1681820491.061813592910767,nan,nan,nan
1681820492.061772823333740,nan,nan,nan
1681820493.060244798660278,nan,nan,nan
1681820494.060528278350830,nan,nan,nan
1681820495.061391592025757,nan,nan,nan
1681820496.061514377593994,nan,nan,nan
1681820497.060986280441284,nan,nan,nan
1681820498.061138153076172,nan,nan,nan
1681820499.060011625289917,nan,nan,nan
1681820500.061385154724121,nan,nan,nan
1681820501.061454772949219,nan,nan,nan
1681820502.061158657073975,nan,nan,nan
1681820503.061124324798584,nan,nan,nan
1681820504.060623884201050,nan,nan,nan
1681820505.060488939285278,nan,nan,nan
1681820506.061393737792969,nan,nan,nan
1681820507.061510562896729,nan,nan,nan
1681820508.063374280929565,nan,nan,nan
1681820509.061881542205811,nan,nan,nan
1681820510.062181472778320,nan,nan,nan
1681820511.063637971878052,nan,nan,nan
1681820512.061898946762085,nan,nan,nan
1681820513.061796426773071,nan,nan,nan
1681820514.061982631683350,nan,nan,nan
1681820515.061418294906616,nan,nan,nan
1681820516.060474157333374,nan,nan,nan
1681820517.061327457427979,nan,nan,nan
1681820518.061228513717651,nan,nan,nan
1681820519.061487197875977,nan,nan,nan
1681820520.061362266540527,nan,nan,nan
1681820521.060887098312378,nan,nan,nan
1681820522.060734748840332,nan,nan,nan
1681820523.061168193817139,nan,nan,nan
1681820524.062054395675659,nan,nan,nan
1681820525.061295509338379,nan,nan,nan
1681820526.060345172882080,nan,nan,nan
1681820527.060097694396973,nan,nan,nan
1681820528.060467243194580,nan,nan,nan
1681820529.060027599334717,nan,nan,nan
1681820530.059545040130615,nan,nan,nan
1681820531.059147119522095,nan,nan,nan
1681820532.060552120208740,nan,nan,nan
1681820533.059162855148315,nan,nan,nan
1681820534.059506416320801,nan,nan,nan
1681820535.059174299240112,nan,nan,nan
1681820536.059031248092651,nan,nan,nan
1681820537.059152364730835,nan,nan,nan
1681820538.059829711914062,nan,nan,nan
1681820539.058816671371460,nan,nan,nan
1681820540.059433221817017,nan,nan,nan
1681820541.059208631515503,nan,nan,nan
1681820542.059699296951294,nan,nan,nan
1681820543.060075044631958,nan,nan,nan
1681820544.059788703918457,nan,nan,nan
1681820545.059770822525024,nan,nan,nan
1681820546.059805870056152,nan,nan,nan
1681820547.060482025146484,nan,nan,nan
1681820548.058837413787842,nan,nan,nan
1681820549.059356451034546,nan,nan,nan
1681820550.058694839477539,nan,nan,nan
1681820551.058711767196655,nan,nan,nan
1681820552.058927774429321,nan,nan,nan
1681820553.059357643127441,nan,nan,nan
1681820554.058945178985596,nan,nan,nan
1681820555.059883117675781,nan,nan,nan
1681820556.059222936630249,nan,nan,nan
1681820557.058547496795654,nan,nan,nan
1681820558.058976411819458,nan,nan,nan
1681820559.059077978134155,nan,nan,nan
1681820560.059492111206055,nan,nan,nan
1681820561.058247566223145,nan,nan,nan
1681820562.058549642562866,nan,nan,nan
1681820563.058797836303711,nan,nan,nan
1681820564.059155941009521,nan,nan,nan
1681820565.059379339218140,nan,nan,nan
1681820566.059189319610596,nan,nan,nan
1681820567.058448076248169,nan,nan,nan
1681820568.058305501937866,nan,nan,nan
1681820569.058947801589966,nan,nan,nan
1681820570.058360576629639,nan,nan,nan
1681820571.059033870697021,nan,nan,nan
1681820572.059072971343994,nan,nan,nan
1681820573.057996988296509,nan,nan,nan
1681820574.058301925659180,nan,nan,nan
1681820575.058711290359497,nan,nan,nan
1681820576.057176113128662,nan,nan,nan
1681820577.057364702224731,nan,nan,nan
1681820578.056945562362671,nan,nan,nan
1681820579.057015657424927,nan,nan,nan
1681820580.056267976760864,nan,nan,nan
1681820581.057014942169189,nan,nan,nan
1681820582.056776523590088,nan,nan,nan
1681820583.058674335479736,nan,nan,nan
1681820584.056798458099365,nan,nan,nan
1681820585.056808233261108,nan,nan,nan
1681820586.056477546691895,nan,nan,nan
1681820587.056562900543213,nan,nan,nan
1681820588.057065486907959,nan,nan,nan
1681820589.056571722030640,nan,nan,nan
1681820590.056431531906128,nan,nan,nan
1681820591.056340217590332,nan,nan,nan
1681820592.056878328323364,nan,nan,nan
1681820593.057765483856201,nan,nan,nan
1681820594.058063030242920,nan,nan,nan
1681820595.058495044708252,nan,nan,nan
1681820596.059239149093628,nan,nan,nan
1681820597.059130907058716,nan,nan,nan
1681820598.058733224868774,nan,nan,nan
1681820599.058129549026489,nan,nan,nan
1681820600.066060781478882,nan,nan,nan
1681820601.066368341445923,nan,nan,nan
1681820602.066929578781128,nan,nan,nan
1681820603.066007852554321,nan,nan,nan
1681820604.056985378265381,nan,nan,nan
1681820605.056376218795776,nan,nan,nan
1681820606.055822610855103,nan,nan,nan
1681820607.056066989898682,nan,nan,nan
1681820608.065376281738281,nan,nan,nan
1681820609.064929962158203,nan,nan,nan
1681820610.065426349639893,nan,nan,nan
1681820611.066028118133545,nan,nan,nan
1681820612.067113876342773,nan,nan,nan
1681820613.056846618652344,nan,nan,nan
1681820614.056845664978027,nan,nan,nan
1681820615.056227445602417,nan,nan,nan
1681820616.056994915008545,nan,nan,nan
1681820617.066035270690918,nan,nan,nan
1681820618.056137323379517,nan,nan,nan
1681820619.056564807891846,nan,nan,nan
1681820620.056608915328979,nan,nan,nan
1681820621.056053400039673,nan,nan,nan
1681820622.056015968322754,nan,nan,nan
1681820623.056109905242920,nan,nan,nan
1681820624.056961297988892,nan,nan,nan
1681820625.056213140487671,nan,nan,nan
1681820626.057223796844482,nan,nan,nan
1681820627.055949211120605,nan,nan,nan
1681820628.055563688278198,nan,nan,nan
1681820629.056184768676758,nan,nan,nan
1681820630.055917978286743,nan,nan,nan
1681820631.055945873260498,nan,nan,nan
1681820632.055266380310059,nan,nan,nan
1681820633.055420875549316,nan,nan,nan
1681820634.055406570434570,nan,nan,nan
1681820635.055966377258301,nan,nan,nan
1681820636.056101560592651,nan,nan,nan
1681820637.055287122726440,nan,nan,nan
1681820638.055350303649902,nan,nan,nan
1681820639.054996013641357,nan,nan,nan
1681820640.055473804473877,nan,nan,nan
1681820641.055763244628906,nan,nan,nan
1681820642.056691646575928,nan,nan,nan
1681820643.056171894073486,nan,nan,nan
1681820644.055845975875854,nan,nan,nan
1681820645.055558919906616,nan,nan,nan
1681820646.056770801544189,nan,nan,nan
1681820647.057007074356079,nan,nan,nan
1681820648.056027173995972,nan,nan,nan
1681820649.055494308471680,nan,nan,nan
1681820650.054621219635010,nan,nan,nan
1681820651.054971456527710,nan,nan,nan
1681820652.055196523666382,nan,nan,nan
1681820653.054868936538696,nan,nan,nan
1681820654.065500020980835,nan,nan,nan
1681820655.066729545593262,nan,nan,nan
1681820656.065388917922974,nan,nan,nan
1681820657.063386917114258,nan,nan,nan
1681820658.065967321395874,nan,nan,nan
1681820659.065306425094604,nan,nan,nan
1681820660.063219785690308,nan,nan,nan
1681820661.062758922576904,nan,nan,nan
1681820662.063766956329346,nan,nan,nan
1681820663.062789916992188,nan,nan,nan
1681820664.062837839126587,nan,nan,nan
1681820665.061487197875977,nan,nan,nan
1681820666.062330007553101,nan,nan,nan
1681820667.062835216522217,nan,nan,nan
1681820668.063982009887695,nan,nan,nan
1681820669.063015222549438,nan,nan,nan
1681820670.064072608947754,nan,nan,nan
1681820671.063819408416748,nan,nan,nan
1681820672.064084053039551,nan,nan,nan
1681820673.063905477523804,nan,nan,nan
1681820674.063212633132935,nan,nan,nan
1681820675.062355279922485,nan,nan,nan
1681820676.062494516372681,nan,nan,nan
1681820677.063244581222534,nan,nan,nan
1681820678.064259767532349,nan,nan,nan
1681820679.062194585800171,nan,nan,nan
1681820680.062831401824951,nan,nan,nan
1681820681.062899827957153,nan,nan,nan
1681820682.061336278915405,nan,nan,nan
1681820683.061725616455078,nan,nan,nan
1681820684.062560081481934,nan,nan,nan
1681820685.061058044433594,nan,nan,nan
1681820686.062711477279663,nan,nan,nan
1681820687.062387943267822,nan,nan,nan
1681820688.062412261962891,nan,nan,nan
1681820689.061871051788330,nan,nan,nan
1681820690.053279638290405,nan,nan,nan
1681820691.052845716476440,nan,nan,nan
1681820692.053562879562378,nan,nan,nan
1681820693.052756786346436,nan,nan,nan
1681820694.052442073822021,nan,nan,nan
1681820695.052582025527954,nan,nan,nan
1681820696.052491426467896,nan,nan,nan
1681820697.053147554397583,nan,nan,nan
1681820698.052711009979248,nan,nan,nan
1681820699.052302122116089,nan,nan,nan
1681820700.051867246627808,nan,nan,nan
1681820701.052181720733643,nan,nan,nan
1681820702.052095413208008,nan,nan,nan
1681820703.051731348037720,nan,nan,nan
1681820704.051814317703247,nan,nan,nan
1681820705.051517248153687,nan,nan,nan
1681820706.051187753677368,nan,nan,nan
1681820707.051181793212891,nan,nan,nan
1681820708.050931930541992,nan,nan,nan
1681820709.051233768463135,nan,nan,nan
1681820710.051236867904663,nan,nan,nan
1681820711.051387548446655,nan,nan,nan
1681820712.051008462905884,nan,nan,nan
1681820713.051275253295898,nan,nan,nan
1681820714.051406383514404,nan,nan,nan
1681820715.051135540008545,nan,nan,nan
1681820716.050693750381470,nan,nan,nan
1681820717.050772428512573,nan,nan,nan
1681820718.050982952117920,nan,nan,nan
1681820719.051197528839111,nan,nan,nan
1681820720.052247524261475,nan,nan,nan
1681820721.051362752914429,nan,nan,nan
1681820722.052156448364258,nan,nan,nan
1681820723.051119565963745,nan,nan,nan
1681820724.051109075546265,nan,nan,nan
1681820725.051447153091431,nan,nan,nan
1681820726.051251173019409,nan,nan,nan
1681820727.050904750823975,nan,nan,nan
1681820728.051051855087280,nan,nan,nan
1681820729.051763057708740,nan,nan,nan
1681820730.050596237182617,nan,nan,nan
1681820731.050601720809937,nan,nan,nan
1681820732.051451683044434,nan,nan,nan
1681820733.050474405288696,nan,nan,nan
1681820734.050834655761719,nan,nan,nan
1681820735.051153659820557,nan,nan,nan
1681820736.050560712814331,nan,nan,nan
1681820737.051700592041016,nan,nan,nan
1681820738.051502227783203,nan,nan,nan
1681820739.051937580108643,nan,nan,nan
1681820740.050201892852783,nan,nan,nan
1681820741.050821542739868,nan,nan,nan
1681820742.052272796630859,nan,nan,nan
1681820743.052543163299561,nan,nan,nan
1681820744.051820039749146,nan,nan,nan
1681820745.051484584808350,nan,nan,nan
1681820746.051294565200806,nan,nan,nan
1681820747.051552057266235,nan,nan,nan
1681820748.051780700683594,nan,nan,nan
1681820749.051729917526245,nan,nan,nan
1681820750.052226543426514,nan,nan,nan
1681820751.051883220672607,nan,nan,nan
1681820752.052019596099854,nan,nan,nan
1681820753.059551715850830,nan,nan,nan
1681820754.059515953063965,nan,nan,nan
1681820755.058399200439453,nan,nan,nan
1681820756.059393882751465,nan,nan,nan
1681820757.061469554901123,nan,nan,nan
1681820758.061377048492432,nan,nan,nan
1681820759.061464309692383,nan,nan,nan
1681820760.059755086898804,nan,nan,nan
1681820761.058844327926636,nan,nan,nan
1681820762.059281826019287,nan,nan,nan
1681820763.059101343154907,nan,nan,nan
1681820764.059579133987427,nan,nan,nan
1681820765.059073209762573,nan,nan,nan
1681820766.058859825134277,nan,nan,nan
1681820767.059549331665039,nan,nan,nan
1681820768.059583663940430,nan,nan,nan
1681820769.062807798385620,nan,nan,nan
1681820770.060194730758667,nan,nan,nan
1681820771.060745954513550,nan,nan,nan
